epoch,time,train/box_loss,train/cls_loss,train/dfl_loss,metrics/precision(B),metrics/recall(B),metrics/mAP50(B),metrics/mAP50-95(B),val/box_loss,val/cls_loss,val/dfl_loss,lr/pg0,lr/pg1,lr/pg2
1,1.89513,2.31473,5.77095,1.51629,0.00208,0.625,0.00144,0.00055,2.20213,4.06204,1.30018,0.000571429,0.000571429,0.000571429
2,2.14091,2.2868,5.03076,1.49819,0.0025,0.75,0.002,0.00062,2.21126,4.14478,1.30421,0.00122584,0.00122584,0.00122584
3,2.38884,2.27015,5.63734,1.44203,0.0025,0.75,0.00204,0.00067,2.20101,4.19941,1.30864,0.00186705,0.00186705,0.00186705
4,2.67655,3.14602,5.66939,2.46624,0,0,0,0,2.68342,5.62506,2.73767,0.0019406,0.0019406,0.0019406
5,2.97048,3.56771,6.30721,2.95735,0,0,0,0,2.75071,5.3434,2.58375,0.0019208,0.0019208,0.0019208
6,3.25251,2.39449,5.39349,1.82673,0.00042,0.125,0.00018,4e-05,2.14297,4.87089,2.23872,0.001901,0.001901,0.001901
7,3.53866,2.14851,4.95054,1.71623,0.0025,0.75,0.00331,0.00063,1.64202,4.46054,1.69193,0.0018812,0.0018812,0.0018812
8,3.81884,2.25338,4.22273,1.74377,0.0025,0.75,0.00331,0.00063,1.64202,4.46054,1.69193,0.0018614,0.0018614,0.0018614
9,4.10064,1.95408,4.06011,1.53591,0.00208,0.625,0.00342,0.00084,1.58317,4.49988,1.64097,0.0018416,0.0018416,0.0018416
10,4.39489,1.81843,3.38386,1.51809,0.00208,0.625,0.00435,0.00096,1.64766,4.3729,1.79028,0.0018218,0.0018218,0.0018218
11,4.694,1.65258,3.42033,1.45807,0.0025,0.75,0.01737,0.00283,1.64579,4.28612,1.73131,0.001802,0.001802,0.001802
12,4.99331,1.65162,3.01204,1.38907,0.00208,0.625,0.00414,0.00176,1.75621,4.14321,1.58034,0.0017822,0.0017822,0.0017822
13,5.29382,1.66983,2.68324,1.45757,0.00208,0.625,0.00411,0.00273,1.62938,4.16643,1.51328,0.0017624,0.0017624,0.0017624
14,5.60296,1.53647,2.57482,1.32893,0.0025,0.75,0.03228,0.01886,1.68371,3.85131,1.648,0.0017426,0.0017426,0.0017426
15,5.90216,1.64373,2.23776,1.41218,0.00292,0.875,0.4988,0.26652,1.66935,3.84876,1.57641,0.0017228,0.0017228,0.0017228
16,6.18435,1.52564,2.19158,1.38238,0.00292,0.875,0.4988,0.26652,1.66935,3.84876,1.57641,0.001703,0.001703,0.001703
17,6.47779,1.61151,2.4517,1.44401,0.82626,0.75,0.74574,0.38082,1.68194,3.59837,1.58078,0.0016832,0.0016832,0.0016832
18,6.76224,1.45016,1.99001,1.23508,1,0.36159,0.875,0.46167,1.78864,3.31333,1.62949,0.0016634,0.0016634,0.0016634
19,7.05009,1.4508,2.15131,1.30021,1,0.64818,0.83644,0.49553,1.42804,2.72406,1.38474,0.0016436,0.0016436,0.0016436
20,7.34097,1.43743,2.25269,1.24927,0.94402,0.75,0.85954,0.52979,1.38431,2.39509,1.35983,0.0016238,0.0016238,0.0016238
21,7.62704,1.37329,2.03198,1.20666,0.77763,0.875,0.91232,0.5174,1.51907,1.88014,1.47372,0.001604,0.001604,0.001604
22,7.90699,1.37174,1.9415,1.25919,1,0.74505,0.89247,0.52656,1.53879,1.92752,1.4473,0.0015842,0.0015842,0.0015842
23,8.18675,1.44093,2.08603,1.32314,0.76168,0.875,0.85423,0.55451,1.49816,1.85872,1.44534,0.0015644,0.0015644,0.0015644
24,8.46967,1.55002,1.89928,1.287,0.76168,0.875,0.85423,0.55451,1.49816,1.85872,1.44534,0.0015446,0.0015446,0.0015446
25,8.7577,1.41643,2.04648,1.18883,0.86052,0.77361,0.92732,0.5707,1.5047,1.99796,1.42271,0.0015248,0.0015248,0.0015248
26,9.0476,1.33042,1.68599,1.22881,1,0.84619,0.94357,0.5989,1.45698,1.94488,1.40105,0.001505,0.001505,0.001505
27,9.34327,1.30801,1.94814,1.22764,1,0.98975,0.995,0.59701,1.31245,1.66033,1.34409,0.0014852,0.0014852,0.0014852
28,9.62171,1.25561,1.62704,1.15807,0.99304,1,0.995,0.61276,1.37491,1.58254,1.37519,0.0014654,0.0014654,0.0014654
29,9.91091,1.26648,1.83051,1.23654,0.99146,1,0.995,0.60676,1.59577,1.72163,1.49424,0.0014456,0.0014456,0.0014456
30,10.1939,1.29021,1.59339,1.14502,0.87457,0.872,0.89431,0.60488,1.47295,1.75812,1.45636,0.0014258,0.0014258,0.0014258
31,10.4873,1.14769,1.35241,1.10697,1,0.99414,0.995,0.62765,1.31541,1.58213,1.37178,0.001406,0.001406,0.001406
32,10.7754,1.20009,1.39133,1.13902,1,0.99414,0.995,0.62765,1.31541,1.58213,1.37178,0.0013862,0.0013862,0.0013862
33,11.0662,1.20774,1.4137,1.14979,0.99293,1,0.995,0.63429,1.30805,1.53219,1.36524,0.0013664,0.0013664,0.0013664
34,11.3647,1.19285,1.47853,1.17791,0.99316,1,0.995,0.60322,1.35975,1.44288,1.39941,0.0013466,0.0013466,0.0013466
35,11.6484,1.24056,1.51391,1.15636,0.99429,1,0.995,0.58052,1.36678,1.32452,1.40962,0.0013268,0.0013268,0.0013268
36,11.9393,1.19911,1.46966,1.20548,0.99505,1,0.995,0.63164,1.32686,1.30477,1.34544,0.001307,0.001307,0.001307
37,12.2195,1.072,1.49992,1.10111,0.99454,1,0.995,0.63523,1.22766,1.25344,1.25038,0.0012872,0.0012872,0.0012872
38,12.5072,1.18274,1.39872,1.13074,0.99398,1,0.995,0.69771,1.15383,1.22947,1.19417,0.0012674,0.0012674,0.0012674
39,12.7956,1.22348,1.33552,1.12889,0.99349,1,0.995,0.6944,1.17371,1.23729,1.20886,0.0012476,0.0012476,0.0012476
40,13.0771,1.18168,1.39691,1.1714,0.99349,1,0.995,0.6944,1.17371,1.23729,1.20886,0.0012278,0.0012278,0.0012278
41,13.3556,1.15919,1.19502,1.0476,0.99351,1,0.995,0.66309,1.20251,1.22284,1.23824,0.001208,0.001208,0.001208
42,13.633,1.06489,1.42281,1.0934,0.99487,1,0.995,0.69562,1.23798,1.20448,1.21353,0.0011882,0.0011882,0.0011882
43,13.9107,1.24435,1.32183,1.16124,0.99502,1,0.995,0.66425,1.23814,1.14088,1.18824,0.0011684,0.0011684,0.0011684
44,14.1903,1.25253,1.30828,1.11471,0.99424,1,0.995,0.71109,1.19386,1.06882,1.17522,0.0011486,0.0011486,0.0011486
45,14.484,1.01057,1.18862,1.07701,0.99258,1,0.995,0.67821,1.15473,1.018,1.18035,0.0011288,0.0011288,0.0011288
46,14.7805,1.07532,1.44241,1.12116,0.99423,1,0.995,0.6913,1.23167,1.05796,1.22474,0.001109,0.001109,0.001109
47,15.078,1.1223,1.09478,1.07877,0.99415,1,0.995,0.67367,1.23346,1.06944,1.23026,0.0010892,0.0010892,0.0010892
48,15.3605,1.08389,1.2189,1.09633,0.99415,1,0.995,0.67367,1.23346,1.06944,1.23026,0.0010694,0.0010694,0.0010694
49,15.6447,1.16563,1.19551,1.05094,0.99261,1,0.995,0.68365,1.19063,1.07538,1.24551,0.0010496,0.0010496,0.0010496
50,15.9332,1.07497,1.18226,1.1338,0.98807,1,0.995,0.69187,1.1569,1.08422,1.23059,0.0010298,0.0010298,0.0010298
51,16.2178,1.0217,1.15923,1.03691,0.99443,1,0.995,0.6735,1.16752,1.0471,1.23465,0.00101,0.00101,0.00101
52,16.5063,1.101,1.11706,1.09247,0.99676,1,0.995,0.66169,1.22408,1.03373,1.28892,0.0009902,0.0009902,0.0009902
53,16.794,1.0542,1.06166,1.04654,0.99607,1,0.995,0.64285,1.29177,1.07,1.33262,0.0009704,0.0009704,0.0009704
54,17.082,1.23509,1.26107,1.23519,0.99589,1,0.995,0.63863,1.31513,1.03394,1.3451,0.0009506,0.0009506,0.0009506
55,17.37,1.18301,1.18416,1.10442,0.99568,1,0.995,0.67216,1.21217,1.02615,1.27022,0.0009308,0.0009308,0.0009308
56,17.6543,1.10176,1.15207,1.06716,0.99568,1,0.995,0.67216,1.21217,1.02615,1.27022,0.000911,0.000911,0.000911
57,17.9395,1.13662,1.19799,1.1481,0.99464,1,0.995,0.69353,1.13331,1.02296,1.20289,0.0008912,0.0008912,0.0008912
58,18.2215,1.00943,1.08411,1.03631,0.99415,1,0.995,0.72623,1.09237,0.99706,1.17071,0.0008714,0.0008714,0.0008714
59,18.5186,0.98516,1.07557,1.09628,0.99335,1,0.995,0.70736,1.13448,1.01038,1.18857,0.0008516,0.0008516,0.0008516
60,18.8004,1.05355,1.08322,1.11329,0.99305,1,0.995,0.68013,1.24701,1.00011,1.26241,0.0008318,0.0008318,0.0008318
61,19.0859,0.92527,1.06505,1.06816,0.99397,1,0.995,0.67763,1.28446,0.97764,1.29849,0.000812,0.000812,0.000812
62,19.3729,0.97019,0.96896,1.05922,0.99407,1,0.995,0.69317,1.15472,0.95139,1.23977,0.0007922,0.0007922,0.0007922
63,19.6622,1.00853,1.17202,1.05444,0.9947,1,0.995,0.69376,1.11135,0.90146,1.21408,0.0007724,0.0007724,0.0007724
64,19.9405,0.97811,0.95275,1.03858,0.9947,1,0.995,0.69376,1.11135,0.90146,1.21408,0.0007526,0.0007526,0.0007526
65,20.2282,1.01228,0.93112,1.03327,0.99422,1,0.995,0.69377,1.11866,0.92069,1.20558,0.0007328,0.0007328,0.0007328
66,20.5142,1.08645,1.01053,1.07831,0.99367,1,0.995,0.72073,1.11427,0.91028,1.20029,0.000713,0.000713,0.000713
67,20.8005,0.98845,1.15194,1.05247,0.994,1,0.995,0.72452,1.17096,0.94005,1.23924,0.0006932,0.0006932,0.0006932
68,21.0857,0.9894,1.13067,1.0682,0.99374,1,0.995,0.72197,1.13647,0.9598,1.19981,0.0006734,0.0006734,0.0006734
69,21.3705,0.99075,0.93663,1.03613,0.99343,1,0.995,0.72416,1.12172,0.91513,1.17112,0.0006536,0.0006536,0.0006536
70,21.6579,0.99136,0.95165,0.98879,0.99287,1,0.995,0.7277,1.09588,0.87102,1.15053,0.0006338,0.0006338,0.0006338
71,21.9543,1.03637,1.05329,1.13823,0.99282,1,0.995,0.73835,1.07476,0.84911,1.14216,0.000614,0.000614,0.000614
72,22.2456,1.05718,1.01675,1.12712,0.99282,1,0.995,0.73835,1.07476,0.84911,1.14216,0.0005942,0.0005942,0.0005942
73,22.5415,0.95736,0.8852,1.04741,0.9926,1,0.995,0.75285,1.09375,0.83666,1.16215,0.0005744,0.0005744,0.0005744
74,22.8371,0.99822,0.93934,1.01323,0.99253,1,0.995,0.74045,1.09475,0.83294,1.16045,0.0005546,0.0005546,0.0005546
75,23.1224,0.96558,0.83749,1.02984,0.99183,1,0.995,0.70834,1.10831,0.8682,1.15107,0.0005348,0.0005348,0.0005348
76,23.4107,0.94122,0.83829,0.97727,0.99219,1,0.995,0.72677,1.11872,0.86978,1.15792,0.000515,0.000515,0.000515
77,23.6977,0.96908,1.04379,1.06635,0.99301,1,0.995,0.74034,1.10699,0.86523,1.15228,0.0004952,0.0004952,0.0004952
78,24.0113,0.86665,0.89758,1.0067,0.99347,1,0.995,0.73147,1.05498,0.88247,1.12487,0.0004754,0.0004754,0.0004754
79,24.3006,0.90096,0.93995,1.02097,0.99386,1,0.995,0.74163,1.04805,0.87772,1.11526,0.0004556,0.0004556,0.0004556
80,24.5804,0.87195,0.92778,1.056,0.99386,1,0.995,0.74163,1.04805,0.87772,1.11526,0.0004358,0.0004358,0.0004358
81,24.8663,0.85727,0.94045,0.98975,0.9943,1,0.995,0.72829,1.04507,0.86389,1.11898,0.000416,0.000416,0.000416
82,25.1509,0.95621,0.94731,1.03395,0.99473,1,0.995,0.70713,1.04841,0.85377,1.12966,0.0003962,0.0003962,0.0003962
83,25.4415,0.80664,0.95299,1.01956,0.99489,1,0.995,0.70463,1.0631,0.8296,1.1691,0.0003764,0.0003764,0.0003764
84,25.726,0.9706,0.89379,1.01837,0.99433,1,0.995,0.67246,1.09347,0.82453,1.20612,0.0003566,0.0003566,0.0003566
85,26.0229,0.92457,0.92056,1.0588,0.99357,1,0.995,0.65954,1.087,0.79732,1.20569,0.0003368,0.0003368,0.0003368
86,26.3143,0.87662,0.79035,1.00084,0.99271,1,0.995,0.71279,1.06691,0.78048,1.18487,0.000317,0.000317,0.000317
87,26.6069,0.80892,0.87119,0.99595,0.99319,1,0.995,0.71685,1.05392,0.77909,1.16911,0.0002972,0.0002972,0.0002972
88,26.8895,0.92011,0.91701,1.05127,0.99319,1,0.995,0.71685,1.05392,0.77909,1.16911,0.0002774,0.0002774,0.0002774
89,27.1772,0.87538,0.86241,0.96844,0.99401,1,0.995,0.71685,1.04749,0.79837,1.16528,0.0002576,0.0002576,0.0002576
90,27.4611,0.85738,0.87131,1.04469,0.99441,1,0.995,0.70585,1.04033,0.80748,1.16503,0.0002378,0.0002378,0.0002378
91,28.0712,0.83587,1.00944,1.055,0.9949,1,0.995,0.69876,1.04106,0.79884,1.1667,0.000218,0.000218,0.000218
92,28.352,0.89455,1.10692,1.05086,0.9953,1,0.995,0.69876,1.07878,0.81429,1.18414,0.0001982,0.0001982,0.0001982
93,28.6298,0.80222,1.02688,1.01936,0.99518,1,0.995,0.70076,1.1029,0.83472,1.20355,0.0001784,0.0001784,0.0001784
94,28.9172,0.82177,1.0445,1.05147,0.99518,1,0.995,0.70076,1.1161,0.84612,1.21483,0.0001586,0.0001586,0.0001586
95,29.2052,0.85147,1.02612,1.10347,0.99534,1,0.995,0.68905,1.10843,0.84425,1.21087,0.0001388,0.0001388,0.0001388
96,29.5177,0.84641,1.07349,1.0494,0.99534,1,0.995,0.68905,1.10843,0.84425,1.21087,0.000119,0.000119,0.000119
97,29.8083,0.82545,1.07906,1.00042,0.99557,1,0.995,0.6871,1.09816,0.84835,1.19998,9.92e-05,9.92e-05,9.92e-05
98,30.0977,0.83078,1.11565,0.99307,0.99569,1,0.995,0.6951,1.09648,0.85235,1.19591,7.94e-05,7.94e-05,7.94e-05
99,30.3825,0.78218,1.03441,1.04522,0.99562,1,0.995,0.6951,1.0855,0.84382,1.18967,5.96e-05,5.96e-05,5.96e-05
100,30.667,0.79521,1.05429,1.03755,0.99563,1,0.995,0.6951,1.09114,0.83103,1.19057,3.98e-05,3.98e-05,3.98e-05
